[{"id":"user-image-bnbnn.jpg","publicUrl":"np://user.desktop.nicepage.com/Site_28324904/images/bnbnn.jpg","size":29026,"hash":"VK+0kxuFq98OLLe1YV2stHsUWTM=","fileName":"bnbnn.jpg","name":"bnbnn","width":1980,"height":1200,"thumbnail":{"url":"np://user.desktop.nicepage.com/Site_28324904/images/thumbnails/bnbnn.jpg","width":250,"height":152},"folderId":null,"originalUrl":"//images01.nicepage.com/c461c07a441a5d220e8feb1a/2b3065eaca105077a3dde165/bnbnn.jpg","usages":["262465805"]},{"id":"user-image-f.jpg","publicUrl":"np://user.desktop.nicepage.com/Site_28324904/images/f.jpg","size":82775,"hash":"fjOZSquWkunY6faxXdi8MTpkj9E=","fileName":"f.jpg","name":"f","width":1241,"height":1080,"thumbnail":{"url":"np://user.desktop.nicepage.com/Site_28324904/images/thumbnails/f.jpg","width":250,"height":218},"folderId":null,"originalUrl":"//images01.nicepage.com/c461c07a441a5d220e8feb1a/e57ad792c0405054bd525258/f.jpg","usages":["262465805"]},{"id":"user-image-portrait-cute-happy-girl-smiling-touching-her-curly-red-hair_176420-9241.jpg","publicUrl":"np://user.desktop.nicepage.com/Site_28324904/images/portrait-cute-happy-girl-smiling-touching-her-curly-red-hair_176420-9241.jpg","size":73301,"hash":"sQQIf++/3sjOwi8dMPpqNDWLFnY=","fileName":"portrait-cute-happy-girl-smiling-touching-her-curly-red-hair_176420-9241.jpg","name":"portrait-cute-happy-girl-smiling-touching-her-curly-red-hair_176420-9241","width":626,"height":417,"thumbnail":{"url":"np://user.desktop.nicepage.com/Site_28324904/images/thumbnails/portrait-cute-happy-girl-smiling-touching-her-curly-red-hair_176420-9241.jpg","width":250,"height":167},"folderId":null,"originalUrl":"//images01.nicepage.com/c461c07a441a5d220e8feb1a/cff6b01097345b71b83a3b8b/portrait-cute-happy-girl-smiling-touching-her-curly-red-hair_176420-9241.jpg","usages":["262465805"]},{"id":"user-image-woman-hairdresser-salon_144627-8819.jpg","publicUrl":"np://user.desktop.nicepage.com/Site_28324904/images/woman-hairdresser-salon_144627-8819.jpg","size":33766,"hash":"NiKeNJorHQK0a4jrySpS9aCharM=","fileName":"woman-hairdresser-salon_144627-8819.jpg","name":"woman-hairdresser-salon_144627-8819","width":226,"height":338,"thumbnail":{"url":"np://user.desktop.nicepage.com/Site_28324904/images/thumbnails/woman-hairdresser-salon_144627-8819.jpg","width":167,"height":250},"folderId":null,"originalUrl":"//images01.nicepage.com/c461c07a441a5d220e8feb1a/13cfae3dfb3f5cfca1976814/woman-hairdresser-salon_144627-8819.jpg","usages":["262465805"]},{"id":"user-image-portrait-cute-tender-ginger-woman-with-curly-hair_176420-14506.jpg","publicUrl":"np://user.desktop.nicepage.com/Site_28324904/images/portrait-cute-tender-ginger-woman-with-curly-hair_176420-14506.jpg","size":43476,"hash":"I+KVPfAG7/bW7qUHdMdI7cHnCz0=","fileName":"portrait-cute-tender-ginger-woman-with-curly-hair_176420-14506.jpg","name":"portrait-cute-tender-ginger-woman-with-curly-hair_176420-14506","width":626,"height":417,"thumbnail":{"url":"np://user.desktop.nicepage.com/Site_28324904/images/thumbnails/portrait-cute-tender-ginger-woman-with-curly-hair_176420-14506.jpg","width":250,"height":167},"folderId":null,"originalUrl":"//images01.nicepage.com/c461c07a441a5d220e8feb1a/0c3dbb5de6f45662a153fac7/portrait-cute-tender-ginger-woman-with-curly-hair_176420-14506.jpg","usages":["262465805"]},{"id":"user-image-12.jpg","publicUrl":"np://user.desktop.nicepage.com/Site_28324904/images/12.jpg","size":35285,"hash":"Bj0Xh6hf9mZXXqqytHeLX2cRxBk=","fileName":"12.jpg","name":"12","width":379,"height":379,"thumbnail":{"url":"np://user.desktop.nicepage.com/Site_28324904/images/thumbnails/12.jpg","width":250,"height":250},"folderId":null,"originalUrl":"//images01.nicepage.com/c461c07a441a5d220e8feb1a/f09c3a0db6be5f8d92db801d/12.jpg","usages":["262465805"]},{"id":"user-image-848feffc-b764-460c-a33a-8099c5b723db.jpg","publicUrl":"np://user.desktop.nicepage.com/Site_28324904/images/848feffc-b764-460c-a33a-8099c5b723db.jpg","size":245480,"hash":"Sn4ptX2TfT5wY6ggaXuW13ZZfhc=","fileName":"848feffc-b764-460c-a33a-8099c5b723db.jpg","name":"848feffc-b764-460c-a33a-8099c5b723db","width":700,"height":771,"thumbnail":{"url":"np://user.desktop.nicepage.com/Site_28324904/images/thumbnails/848feffc-b764-460c-a33a-8099c5b723db.jpg","width":227,"height":250},"folderId":null,"originalUrl":"//images01.nicepage.com/c461c07a441a5d220e8feb1a/621788c36d2b5d3cb4c9a1f8/848feffc-b764-460c-a33a-8099c5b723db.jpg","usages":["262465805"]},{"id":"user-image-portrait-kid_53876-138337.jpg","publicUrl":"np://user.desktop.nicepage.com/Site_28324904/images/portrait-kid_53876-138337.jpg","size":91428,"hash":"LEau/QipgEV25IsyW9+FKTIdwHQ=","fileName":"portrait-kid_53876-138337.jpg","name":"portrait-kid_53876-138337","width":626,"height":626,"thumbnail":{"url":"np://user.desktop.nicepage.com/Site_28324904/images/thumbnails/portrait-kid_53876-138337.jpg","width":250,"height":250},"folderId":null,"originalUrl":"//images01.nicepage.com/c461c07a441a5d220e8feb1a/e875bb675a0f588b97f041b3/portrait-kid_53876-138337.jpg","usages":["262465805"]},{"id":"user-image-bvb.jpg","publicUrl":"np://user.desktop.nicepage.com/Site_28324904/images/bvb.jpg","size":286328,"hash":"dlh35Jh9EiHwqzvq9pj/0OnDdbM=","fileName":"bvb.jpg","name":"bvb","width":1200,"height":952,"thumbnail":{"url":"np://user.desktop.nicepage.com/Site_28324904/images/thumbnails/bvb.jpg","width":250,"height":198},"folderId":null,"originalUrl":"//images01.nicepage.com/c461c07a441a5d220e8feb1a/b1afd9a7e4c255c5a6678618/bvb.jpg","usages":["262465805"]},{"id":"user-image-look-from-women-sitting-bed-with-white-tulips_8353-5489.jpg","publicUrl":"np://user.desktop.nicepage.com/Site_28324904/images/look-from-women-sitting-bed-with-white-tulips_8353-5489.jpg","size":93021,"hash":"fJv1r62xzvBMxdNRYah7wSSqjTg=","fileName":"look-from-women-sitting-bed-with-white-tulips_8353-5489.jpg","name":"look-from-women-sitting-bed-with-white-tulips_8353-5489","width":626,"height":417,"thumbnail":{"url":"np://user.desktop.nicepage.com/Site_28324904/images/thumbnails/look-from-women-sitting-bed-with-white-tulips_8353-5489.jpg","width":250,"height":167},"folderId":null,"originalUrl":"//images01.nicepage.com/c461c07a441a5d220e8feb1a/07d8687c985e58878c4aa36b/look-from-women-sitting-bed-with-white-tulips_8353-5489.jpg","usages":["262465805"]},{"id":"user-image-gffggf.jpg","publicUrl":"np://user.desktop.nicepage.com/Site_28324904/images/gffggf.jpg","size":209271,"hash":"iR16yBeUW1DyMsyzN9VOOuzqoB8=","fileName":"gffggf.jpg","name":"gffggf","width":900,"height":886,"thumbnail":{"url":"np://user.desktop.nicepage.com/Site_28324904/images/thumbnails/gffggf.jpg","width":250,"height":246},"folderId":null,"originalUrl":"//images01.nicepage.com/c461c07a441a5d220e8feb1a/cceb137c9e2d532aa3254d52/gffggf.jpg","usages":["262465805"]},{"id":"user-image-beautiful-woman-with-curls-makeup_144627-3577.jpg","publicUrl":"np://user.desktop.nicepage.com/Site_28324904/images/beautiful-woman-with-curls-makeup_144627-3577.jpg","size":230407,"hash":"J3e2fewLFoJA4l3Gq800IS9s8JQ=","fileName":"beautiful-woman-with-curls-makeup_144627-3577.jpg","name":"beautiful-woman-with-curls-makeup_144627-3577","width":626,"height":938,"thumbnail":{"url":"np://user.desktop.nicepage.com/Site_28324904/images/thumbnails/beautiful-woman-with-curls-makeup_144627-3577.jpg","width":167,"height":250},"folderId":null,"originalUrl":"//images01.nicepage.com/c461c07a441a5d220e8feb1a/6a67ada16d1f55938b504d6d/beautiful-woman-with-curls-makeup_144627-3577.jpg","usages":["262465805"]},{"id":"user-image-h.jpg","publicUrl":"np://user.desktop.nicepage.com/Site_28324904/images/h.jpg","size":195418,"hash":"0viEgzwxJCWpJ8YLJfexmyDrhks=","fileName":"h.jpg","name":"h","width":900,"height":714,"thumbnail":{"url":"np://user.desktop.nicepage.com/Site_28324904/images/thumbnails/h.jpg","width":250,"height":198},"folderId":null,"originalUrl":"//images01.nicepage.com/c461c07a441a5d220e8feb1a/8ffb5310157352f8af1d3746/h.jpg","usages":["262465805"]},{"id":"user-image-fggf.jpg","publicUrl":"np://user.desktop.nicepage.com/Site_28324904/images/fggf.jpg","size":171107,"hash":"cSpW24Jl8BBpO2kSHIZzfeKIOUw=","fileName":"fggf.jpg","name":"fggf","width":800,"height":800,"thumbnail":{"url":"np://user.desktop.nicepage.com/Site_28324904/images/thumbnails/fggf.jpg","width":250,"height":250},"folderId":null,"originalUrl":"//images01.nicepage.com/c461c07a441a5d220e8feb1a/78e77fcc6e4f5a4c86d5462d/fggf.jpg","usages":["262465805"]},{"id":"user-image-hghg-min.jpg","publicUrl":"np://user.desktop.nicepage.com/Site_28324904/images/hghg-min.jpg","size":228632,"hash":"oe4cb/N0W0d9B3jULZasHscN0mE=","fileName":"hghg-min.jpg","name":"hghg-min","width":1500,"height":1000,"thumbnail":{"url":"np://user.desktop.nicepage.com/Site_28324904/images/thumbnails/hghg-min.jpg","width":250,"height":167},"folderId":null,"originalUrl":"//images01.nicepage.com/c461c07a441a5d220e8feb1a/917d7ccfc1cb5cc49d87f8af/hghg-min.jpg","usages":["262465805"]}]
